{"minzoom":0,"maxzoom":8,"center":[106.171875,14.603795,8.0],"bounds":[100.08123,13.909929,107.694763,22.505186]}