{"minzoom":0,"maxzoom":9,"center":[106.523438,14.944516,9.0],"bounds":[100.08123,13.909929,107.694763,22.505186]}